{"queue_size": 20, "u_unit": 0.05, "pool_size": 320000, "total_time": 1125010.0, "wittle_update_cycle": 100000, "pcome": [0.02534504, 0.13369194, 0.09386043, 0.01754024, 0.17004173, 0.2459021, 0.03012342, 0.0451653], "len": 100, "b": [[10100.0, 10200.0, 1, 2, 3, 4, 5], [55100.0, 55200.0, 2, 3, 4, 5, 6], [100100.0, 100200.0, 3, 4, 5, 6, 7], [145100.0, 145200.0, 4, 5, 6, 7, 0], [190100.0, 190200.0, 1, 2, 3, 4, 5], [235100.0, 235200.0, 2, 3, 4, 5, 6], [280100.0, 280200.0, 3, 4, 5, 6, 7], [325100.0, 325200.0, 4, 5, 6, 7, 0], [370100.0, 370200.0, 1, 2, 3, 4], [415100.0, 415200.0, 2, 3, 4, 5], [460100.0, 460200.0, 1, 2, 3, 4], [505100.0, 505200.0, 2, 3, 4, 5], [550100.0, 550200.0, 3, 4, 5, 6], [595100.0, 595200.0, 4, 5, 6, 7], [640100.0, 640200.0, 5, 6, 7, 0], [685100.0, 685200.0, 0, 1, 2, 3], [730100.0, 730200.0, 1, 2, 3, 4, 5, 6], [775100.0, 775200.0, 2, 3, 4, 5, 6, 7], [820100.0, 820200.0, 3, 4, 5, 6, 7, 0], [865100.0, 865200.0, 0, 1, 2, 3, 4, 5], [910100.0, 910200.0, 1, 2, 3, 4, 5, 6], [955100.0, 955200.0, 2, 3, 4, 5, 6, 7], [1000100.0, 1000200.0, 3, 4, 5, 6, 7, 0], [1045100.0, 1045200.0, 0, 1, 2, 3, 4, 5], [1090100.0, 1090200.0, 0, 1, 2, 3, 4, 5, 6, 7], [20100.0, 20175.0, 1, 2, 3, 4, 5], [65100.0, 65175.0, 2, 3, 4, 5, 6], [110100.0, 110175.0, 3, 4, 5, 6, 7], [155100.0, 155175.0, 4, 5, 6, 7, 0], [200100.0, 200175.0, 1, 2, 3, 4, 5], [245100.0, 245175.0, 2, 3, 4, 5, 6], [290100.0, 290175.0, 3, 4, 5, 6, 7], [335100.0, 335175.0, 4, 5, 6, 7, 0], [380100.0, 380175.0, 1, 2, 3, 4], [425100.0, 425175.0, 2, 3, 4, 5], [470100.0, 470175.0, 1, 2, 3, 4], [515100.0, 515175.0, 2, 3, 4, 5], [560100.0, 560175.0, 3, 4, 5, 6], [605100.0, 605175.0, 4, 5, 6, 7], [650100.0, 650175.0, 5, 6, 7, 0], [695100.0, 695175.0, 0, 1, 2, 3], [740100.0, 740175.0, 1, 2, 3, 4, 5, 6], [785100.0, 785175.0, 2, 3, 4, 5, 6, 7], [830100.0, 830175.0, 3, 4, 5, 6, 7, 0], [875100.0, 875175.0, 0, 1, 2, 3, 4, 5], [920100.0, 920175.0, 1, 2, 3, 4, 5, 6], [965100.0, 965175.0, 2, 3, 4, 5, 6, 7], [1010100.0, 1010175.0, 3, 4, 5, 6, 7, 0], [1055100.0, 1055175.0, 0, 1, 2, 3, 4, 5], [1100100.0, 1100175.0, 0, 1, 2, 3, 4, 5, 6, 7], [30100.0, 30175.0, 1, 2, 3, 4, 5], [75100.0, 75175.0, 2, 3, 4, 5, 6], [120100.0, 120175.0, 3, 4, 5, 6, 7], [165100.0, 165175.0, 4, 5, 6, 7, 0], [210100.0, 210175.0, 1, 2, 3, 4, 5], [255100.0, 255175.0, 2, 3, 4, 5, 6], [300100.0, 300175.0, 3, 4, 5, 6, 7], [345100.0, 345175.0, 4, 5, 6, 7, 0], [390100.0, 390175.0, 1, 2, 3, 4], [435100.0, 435175.0, 2, 3, 4, 5], [480100.0, 480175.0, 1, 2, 3, 4], [525100.0, 525175.0, 2, 3, 4, 5], [570100.0, 570175.0, 3, 4, 5, 6], [615100.0, 615175.0, 4, 5, 6, 7], [660100.0, 660175.0, 5, 6, 7, 0], [705100.0, 705175.0, 0, 1, 2, 3], [750100.0, 750175.0, 1, 2, 3, 4, 5, 6], [795100.0, 795175.0, 2, 3, 4, 5, 6, 7], [840100.0, 840175.0, 3, 4, 5, 6, 7, 0], [885100.0, 885175.0, 0, 1, 2, 3, 4, 5], [930100.0, 930175.0, 1, 2, 3, 4, 5, 6], [975100.0, 975175.0, 2, 3, 4, 5, 6, 7], [1020100.0, 1020175.0, 3, 4, 5, 6, 7, 0], [1065100.0, 1065175.0, 0, 1, 2, 3, 4, 5], [1110100.0, 1110175.0, 0, 1, 2, 3, 4, 5, 6, 7], [40100.0, 40150.0, 1, 2, 3, 4, 5], [85100.0, 85150.0, 2, 3, 4, 5, 6], [130100.0, 130150.0, 3, 4, 5, 6, 7], [175100.0, 175150.0, 4, 5, 6, 7, 0], [220100.0, 220150.0, 1, 2, 3, 4, 5], [265100.0, 265150.0, 2, 3, 4, 5, 6], [310100.0, 310150.0, 3, 4, 5, 6, 7], [355100.0, 355150.0, 4, 5, 6, 7, 0], [400100.0, 400150.0, 1, 2, 3, 4], [445100.0, 445150.0, 2, 3, 4, 5], [490100.0, 490150.0, 1, 2, 3, 4], [535100.0, 535150.0, 2, 3, 4, 5], [580100.0, 580150.0, 3, 4, 5, 6], [625100.0, 625150.0, 4, 5, 6, 7], [670100.0, 670150.0, 5, 6, 7, 0], [715100.0, 715150.0, 0, 1, 2, 3], [760100.0, 760150.0, 1, 2, 3, 4, 5, 6], [805100.0, 805150.0, 2, 3, 4, 5, 6, 7], [850100.0, 850150.0, 3, 4, 5, 6, 7, 0], [895100.0, 895150.0, 0, 1, 2, 3, 4, 5], [940100.0, 940150.0, 1, 2, 3, 4, 5, 6], [985100.0, 985150.0, 2, 3, 4, 5, 6, 7], [1030100.0, 1030150.0, 3, 4, 5, 6, 7, 0], [1075100.0, 1075150.0, 0, 1, 2, 3, 4, 5], [1120100.0, 1120150.0, 0, 1, 2, 3, 4, 5, 6, 7]], "Scheduling_algorithm": "MAX_QUEUE_LEN", "Congestion_handling": "FULL_DROP", "burst_version": "v2", "wf": 0.2}