{"queue_size": 20, "u_unit": 0.05, "pool_size": 320000, "total_time": 100010, "wittle_update_cycle": 100000, "pcome": [0.02534504, 0.13369194, 0.09386043, 0.01754024, 0.17004173, 0.2459021, 0.03012342, 0.0451653], "bstart_tim": [100]}