{
  "Congestion_handling": "FULL_DROP",
  "Scheduling_algorithm": "MAX_QUEUE_LEN",
  "bstart_tim": [
    100
  ],
  "burst_version": "v1",
  "pcome": [
    0.02534504,
    0.13369194,
    0.09386043,
    0.01754024,
    0.17004173,
    0.2459021,
    0.03012342,
    0.0451653
  ],
  "pool_size": 320000,
  "queue_size": 20,
  "total_time": 100010,
  "u_unit": 0.05,
  "wf": 0.8,
  "wittle_update_cycle": 100000
}